Point,Date,Time,Level,Spectral
AH,18-Jan-21,10:18,0.88,Vel
AH,19-Jan-21,15:27,0.77,Vel
AH,19-Jan-21,15:36,0.83,Vel
AH,26-Jan-21,9:59,0.81,Vel
AH,9-Feb-21,20:12,1.09,Vel
AH,11-Feb-21,9:42,1.35,Vel
AH,13-Feb-21,17:27,1.02,Vel
AH,18-Feb-21,9:15,1.1,Vel
AH,19-Feb-21,9:30,1.2,Vel
AH,3-Mar-21,9:16,0.91,Vel
AH,16-Mar-21,13:57,1.01,Vel
AH,5-Apr-21,8:53,1.03,Vel
AH,16-Apr-21,8:11,0.83,Vel
AH,3-May-21,9:18,0.95,Vel
AH,17-May-21,8:22,0.93,Vel
AH,21-May-21,9:02,1.07,Vel
AH,21-May-21,9:15,0.97,Vel
AH,21-May-21,9:21,0.94,Vel
AH,21-May-21,16:41,1.03,Vel
AH,25-May-21,12:03,1.33,Vel
AH,3-Jun-21,8:22,1.62,Vel
AH,16-Jun-21,9:27,1.53,Vel
AH,5-Jul-21,10:57,1.21,Vel
AH,19-Jul-21,10:34,1.5,Vel
AH,24-Jul-21,16:11,1.3,Vel
AH,3-Aug-21,8:54,1.19,Vel
AH,17-Aug-21,8:21,1.4,Vel
AH,2-Sep-21,8:11,1.5,Vel
AH,29-Sep-21,10:47,1.08,Vel
AH,29-Sep-21,16:01,1.03,Vel
AH,30-Sep-21,8:43,0.99,Vel
AH,30-Sep-21,9:48,0.86,Vel
AH,4-Oct-21,7:57,0.86,Vel
AH,7-Oct-21,8:36,0.79,Vel
AH,18-Oct-21,8:02,0.85,Vel
AH,2-Nov-21,8:39,0.94,Vel
AH,17-Nov-21,8:15,0.94,Vel
AH,3-Dec-21,8:21,0.98,Vel
AH,16-Dec-21,8:52,0.84,Vel
AH,5-Jan-22,8:52,0.79,Vel
AH,6-Jan-22,15:09,1.07,Vel
AH,8-Jan-22,16:41,1.53,Vel
AH,8-Jan-22,16:52,1.09,Vel
AH,14-Jan-22,9:35,1.24,Vel
AH,18-Jan-22,13:55,1.08,Vel
AH,24-Jan-22,9:30,0.96,Vel
AH,25-Jan-22,9:08,1.04,Vel
AH,4-Feb-22,8:32,1.02,Vel
AH,17-Feb-22,8:29,1.21,Vel
AH,7-Mar-22,9:16,1.54,Vel
AH,18-Mar-22,8:07,1.12,Vel
AH,2-Apr-22,14:26,1.23,Vel
AH,20-Apr-22,7:58,1.13,Vel
AH,4-May-22,10:05,1.32,Vel
AH,4-May-22,21:52,1.44,Vel
AH,5-May-22,19:18,1.56,Vel
AH,18-May-22,9:13,1.63,Vel
AH,25-May-22,10:06,1.31,Vel
AH,20-Jun-22,9:25,1.19,Vel
AH,6-Jul-22,15:35,1.11,Vel
AH,19-Jul-22,7:45,1.26,Vel
AH,3-Aug-22,14:28,1.38,Vel
AH,19-Aug-22,8:44,1.18,Vel
AH,5-Sep-22,10:18,0.46,Vel
AH,5-Sep-22,20:34,1.23,Vel
AH,20-Sep-22,8:05,1.54,Vel
AH,20-Oct-22,9:42,1.07,Vel
AH,3-Nov-22,13:43,1.37,Vel
AH,12-Nov-22,19:28,1.57,Vel
AH,18-Nov-22,9:39,1.78,Vel
AH,18-Dec-22,10:54,1.51,Vel
AH,23-Jan-23,10:01,1.12,Vel
AH,22-Feb-23,16:46,1.84,Vel
AH,6-Mar-23,8:56,1.87,Vel
AV,18-Jan-21,10:18,0.62,Vel
AV,19-Jan-21,15:28,0.66,Vel
AV,19-Jan-21,15:37,0.65,Vel
AV,26-Jan-21,9:59,0.67,Vel
AV,9-Feb-21,20:13,0.83,Vel
AV,11-Feb-21,9:42,0.94,Vel
AV,13-Feb-21,17:27,0.8,Vel
AV,18-Feb-21,9:15,0.97,Vel
AV,19-Feb-21,9:30,0.85,Vel
AV,3-Mar-21,9:16,0.97,Vel
AV,16-Mar-21,13:58,0.93,Vel
AV,5-Apr-21,8:53,0.99,Vel
AV,16-Apr-21,8:11,0.9,Vel
AV,3-May-21,9:18,1.09,Vel
AV,17-May-21,8:22,1,Vel
AV,21-May-21,9:02,0.98,Vel
AV,21-May-21,9:16,0.9,Vel
AV,21-May-21,9:21,0.9,Vel
AV,21-May-21,16:41,1.01,Vel
AV,25-May-21,12:04,1.1,Vel
AV,3-Jun-21,8:22,1.06,Vel
AV,16-Jun-21,9:27,1.07,Vel
AV,5-Jul-21,10:57,1.2,Vel
AV,19-Jul-21,10:33,1.51,Vel
AV,24-Jul-21,16:11,1.24,Vel
AV,3-Aug-21,8:54,1.56,Vel
AV,17-Aug-21,8:21,1.12,Vel
AV,2-Sep-21,8:11,1.3,Vel
AV,29-Sep-21,10:47,1.33,Vel
AV,29-Sep-21,16:01,1.2,Vel
AV,30-Sep-21,8:44,1.32,Vel
AV,30-Sep-21,9:49,1.36,Vel
AV,4-Oct-21,7:57,1.26,Vel
AV,7-Oct-21,8:36,0.89,Vel
AV,18-Oct-21,8:02,1.08,Vel
AV,2-Nov-21,8:39,1.12,Vel
AV,17-Nov-21,8:15,0.91,Vel
AV,3-Dec-21,8:21,0.91,Vel
AV,16-Dec-21,8:52,1.15,Vel
AV,5-Jan-22,8:52,0.94,Vel
AV,6-Jan-22,15:09,1.05,Vel
AV,8-Jan-22,16:42,0.97,Vel
AV,8-Jan-22,16:52,0.77,Vel
AV,14-Jan-22,9:35,0.77,Vel
AV,18-Jan-22,13:55,0.85,Vel
AV,24-Jan-22,9:30,0.7,Vel
AV,25-Jan-22,9:08,0.84,Vel
AV,4-Feb-22,8:32,0.85,Vel
AV,17-Feb-22,8:29,0.91,Vel
AV,7-Mar-22,9:16,0.85,Vel
AV,18-Mar-22,8:07,0.72,Vel
AV,2-Apr-22,14:26,1.04,Vel
AV,20-Apr-22,7:58,1.03,Vel
AV,4-May-22,10:05,0.82,Vel
AV,4-May-22,21:52,0.7,Vel
AV,5-May-22,19:18,0.76,Vel
AV,18-May-22,9:14,1.12,Vel
AV,25-May-22,10:06,0.95,Vel
AV,20-Jun-22,9:26,0.74,Vel
AV,6-Jul-22,15:35,0.69,Vel
AV,19-Jul-22,7:45,1.15,Vel
AV,3-Aug-22,14:28,0.83,Vel
AV,19-Aug-22,8:44,1.14,Vel
AV,5-Sep-22,10:18,0.34,Vel
AV,5-Sep-22,20:35,0.73,Vel
AV,20-Sep-22,8:05,1.2,Vel
AV,20-Oct-22,9:42,0.85,Vel
AV,3-Nov-22,13:43,1.21,Vel
AV,12-Nov-22,19:28,0.88,Vel
AV,18-Nov-22,9:39,1.32,Vel
AV,18-Dec-22,10:54,1.52,Vel
AV,23-Jan-23,10:01,0.83,Vel
AV,22-Feb-23,16:46,0.96,Vel
AV,6-Mar-23,8:56,0.89,Vel
AA,18-Jan-21,10:18,1.1,Vel
AA,19-Jan-21,15:28,1.09,Vel
AA,19-Jan-21,15:37,0.96,Vel
AA,26-Jan-21,9:59,0.95,Vel
AA,9-Feb-21,20:13,1.81,Vel
AA,11-Feb-21,9:42,1.49,Vel
AA,13-Feb-21,17:28,1.73,Vel
AA,18-Feb-21,9:15,1.56,Vel
AA,19-Feb-21,9:30,1.45,Vel
AA,3-Mar-21,9:16,1.75,Vel
AA,16-Mar-21,13:58,1.86,Vel
AA,5-Apr-21,8:53,1.41,Vel
AA,16-Apr-21,8:11,1.81,Vel
AA,3-May-21,9:18,1.31,Vel
AA,17-May-21,8:22,1.32,Vel
AA,21-May-21,9:02,1.37,Vel
AA,21-May-21,9:16,1.45,Vel
AA,21-May-21,9:21,1.73,Vel
AA,21-May-21,16:41,1.48,Vel
AA,25-May-21,12:04,1.22,Vel
AA,3-Jun-21,8:23,1.52,Vel
AA,16-Jun-21,9:28,1.37,Vel
AA,5-Jul-21,10:57,1.39,Vel
AA,19-Jul-21,10:33,1.34,Vel
AA,24-Jul-21,16:11,1.37,Vel
AA,3-Aug-21,8:54,1.38,Vel
AA,17-Aug-21,8:22,1.32,Vel
AA,2-Sep-21,8:11,1.35,Vel
AA,29-Sep-21,10:47,1.17,Vel
AA,29-Sep-21,16:02,1.45,Vel
AA,30-Sep-21,8:44,1.27,Vel
AA,30-Sep-21,9:49,1.23,Vel
AA,4-Oct-21,7:57,1.45,Vel
AA,7-Oct-21,8:36,0.77,Vel
AA,18-Oct-21,8:02,0.99,Vel
AA,2-Nov-21,8:39,0.92,Vel
AA,17-Nov-21,8:15,0.86,Vel
AA,3-Dec-21,8:21,0.85,Vel
AA,16-Dec-21,8:53,0.93,Vel
AA,5-Jan-22,8:52,0.78,Vel
AA,6-Jan-22,15:09,0.79,Vel
AA,8-Jan-22,16:43,1.09,Vel
AA,8-Jan-22,16:52,1.25,Vel
AA,14-Jan-22,9:35,1.22,Vel
AA,18-Jan-22,13:55,0.89,Vel
AA,24-Jan-22,9:31,1.43,Vel
AA,25-Jan-22,9:08,1.08,Vel
AA,4-Feb-22,8:33,1.29,Vel
AA,17-Feb-22,8:30,1.42,Vel
AA,7-Mar-22,9:16,1.72,Vel
AA,18-Mar-22,8:07,1.16,Vel
AA,2-Apr-22,14:27,1.67,Vel
AA,20-Apr-22,7:58,1.2,Vel
AA,4-May-22,10:05,1.2,Vel
AA,4-May-22,21:52,0.95,Vel
AA,5-May-22,19:20,1.48,Vel
AA,18-May-22,9:14,1.52,Vel
AA,25-May-22,10:07,1.78,Vel
AA,20-Jun-22,9:26,1.23,Vel
AA,6-Jul-22,15:35,1.74,Vel
AA,19-Jul-22,7:45,1.16,Vel
AA,3-Aug-22,14:28,1.51,Vel
AA,19-Aug-22,8:44,1.45,Vel
AA,5-Sep-22,10:18,0.4,Vel
AA,5-Sep-22,20:35,1.31,Vel
AA,20-Sep-22,8:06,1.49,Vel
AA,20-Oct-22,9:43,1.69,Vel
AA,3-Nov-22,13:43,1.59,Vel
AA,12-Nov-22,19:28,1.62,Vel
AA,18-Nov-22,9:40,1.62,Vel
AA,18-Dec-22,10:55,1.82,Vel
AA,23-Jan-23,10:02,1.27,Vel
AA,22-Feb-23,16:46,1.81,Vel
AA,6-Mar-23,8:57,1.75,Vel
BH,18-Jan-21,10:18,0.98,Vel
BH,19-Jan-21,15:28,1.06,Vel
BH,19-Jan-21,15:37,0.97,Vel
BH,26-Jan-21,10:00,0.94,Vel
BH,9-Feb-21,20:13,1.7,Vel
BH,11-Feb-21,9:42,1.79,Vel
BH,13-Feb-21,17:28,1.71,Vel
BH,18-Feb-21,9:15,1.41,Vel
BH,19-Feb-21,9:31,1.71,Vel
BH,3-Mar-21,9:17,1.72,Vel
BH,16-Mar-21,13:58,1.65,Vel
BH,5-Apr-21,8:54,1.32,Vel
BH,16-Apr-21,8:12,1.23,Vel
BH,3-May-21,9:18,1.26,Vel
BH,17-May-21,8:23,1.25,Vel
BH,21-May-21,9:03,1.35,Vel
BH,21-May-21,9:16,1.28,Vel
BH,21-May-21,9:22,1.12,Vel
BH,21-May-21,16:42,0.85,Vel
BH,25-May-21,12:04,1.17,Vel
BH,3-Jun-21,8:23,1.39,Vel
BH,16-Jun-21,9:28,1.28,Vel
BH,5-Jul-21,10:58,1.05,Vel
BH,19-Jul-21,10:34,1.19,Vel
BH,24-Jul-21,16:11,1.38,Vel
BH,3-Aug-21,8:55,1.17,Vel
BH,17-Aug-21,8:22,1.06,Vel
BH,2-Sep-21,8:11,1.26,Vel
BH,29-Sep-21,10:47,1.33,Vel
BH,29-Sep-21,16:03,1.44,Vel
BH,30-Sep-21,8:44,1.38,Vel
BH,30-Sep-21,9:49,1.09,Vel
BH,4-Oct-21,7:57,1.5,Vel
BH,7-Oct-21,8:36,0.64,Vel
BH,18-Oct-21,8:03,0.61,Vel
BH,2-Nov-21,8:40,0.63,Vel
BH,17-Nov-21,8:15,0.72,Vel
BH,3-Dec-21,8:21,0.53,Vel
BH,16-Dec-21,8:53,0.61,Vel
BH,5-Jan-22,8:53,0.82,Vel
BH,6-Jan-22,15:09,0.63,Vel
BH,8-Jan-22,16:43,1.02,Vel
BH,8-Jan-22,16:51,1.32,Vel
BH,14-Jan-22,9:35,1.26,Vel
BH,18-Jan-22,13:55,1.34,Vel
BH,24-Jan-22,9:31,1.48,Vel
BH,25-Jan-22,9:08,1.43,Vel
BH,4-Feb-22,8:34,1.47,Vel
BH,17-Feb-22,8:30,1.49,Vel
BH,7-Mar-22,9:19,1.16,Vel
BH,18-Mar-22,8:08,1.15,Vel
BH,2-Apr-22,14:27,1.4,Vel
BH,20-Apr-22,7:58,1.1,Vel
BH,4-May-22,10:06,1.11,Vel
BH,4-May-22,21:52,0.92,Vel
BH,5-May-22,19:20,1.08,Vel
BH,18-May-22,9:14,1.13,Vel
BH,25-May-22,10:07,1.45,Vel
BH,20-Jun-22,9:26,1.23,Vel
BH,6-Jul-22,15:35,1.55,Vel
BH,19-Jul-22,7:45,1.38,Vel
BH,3-Aug-22,14:28,1.28,Vel
BH,19-Aug-22,8:44,1.34,Vel
BH,5-Sep-22,10:18,0.37,Vel
BH,5-Sep-22,20:39,1.37,Vel
BH,20-Sep-22,8:06,1.54,Vel
BH,20-Oct-22,9:43,1.59,Vel
BH,3-Nov-22,13:44,1.39,Vel
BH,12-Nov-22,19:28,1.52,Vel
BH,18-Nov-22,9:40,1.51,Vel
BH,18-Dec-22,10:55,1.5,Vel
BH,23-Jan-23,10:02,1.13,Vel
BH,22-Feb-23,16:46,1.2,Vel
BH,6-Mar-23,8:57,1.63,Vel
BV,18-Jan-21,10:18,0.44,Vel
BV,19-Jan-21,15:28,0.54,Vel
BV,19-Jan-21,15:37,0.45,Vel
BV,26-Jan-21,10:00,0.49,Vel
BV,9-Feb-21,20:14,0.92,Vel
BV,11-Feb-21,9:42,0.85,Vel
BV,13-Feb-21,17:28,0.7,Vel
BV,18-Feb-21,9:15,0.69,Vel
BV,19-Feb-21,9:31,0.76,Vel
BV,3-Mar-21,9:17,0.86,Vel
BV,16-Mar-21,13:58,0.72,Vel
BV,5-Apr-21,8:54,0.73,Vel
BV,16-Apr-21,8:12,0.7,Vel
BV,3-May-21,9:18,0.63,Vel
BV,17-May-21,8:23,0.82,Vel
BV,21-May-21,9:03,0.75,Vel
BV,21-May-21,9:16,0.72,Vel
BV,21-May-21,9:22,0.84,Vel
BV,21-May-21,16:42,0.88,Vel
BV,25-May-21,12:05,1.2,Vel
BV,3-Jun-21,8:23,1.06,Vel
BV,16-Jun-21,9:28,1.02,Vel
BV,5-Jul-21,10:58,1.32,Vel
BV,19-Jul-21,10:34,1.18,Vel
BV,24-Jul-21,16:11,1.12,Vel
BV,3-Aug-21,8:55,1.12,Vel
BV,17-Aug-21,8:22,1.02,Vel
BV,2-Sep-21,8:11,1.08,Vel
BV,29-Sep-21,10:48,1.08,Vel
BV,29-Sep-21,16:03,1.07,Vel
BV,30-Sep-21,8:44,1.07,Vel
BV,30-Sep-21,9:49,0.96,Vel
BV,4-Oct-21,7:57,0.99,Vel
BV,7-Oct-21,8:37,0.42,Vel
BV,18-Oct-21,8:03,0.53,Vel
BV,2-Nov-21,8:40,0.61,Vel
BV,17-Nov-21,8:16,0.6,Vel
BV,3-Dec-21,8:21,0.5,Vel
BV,16-Dec-21,8:53,0.53,Vel
BV,5-Jan-22,8:53,0.78,Vel
BV,6-Jan-22,15:10,0.5,Vel
BV,8-Jan-22,16:43,0.68,Vel
BV,8-Jan-22,16:51,0.68,Vel
BV,14-Jan-22,9:35,0.75,Vel
BV,18-Jan-22,13:56,0.86,Vel
BV,24-Jan-22,9:32,0.98,Vel
BV,25-Jan-22,9:08,0.67,Vel
BV,4-Feb-22,8:34,0.62,Vel
BV,17-Feb-22,8:30,0.68,Vel
BV,7-Mar-22,9:19,0.92,Vel
BV,18-Mar-22,8:08,0.65,Vel
BV,2-Apr-22,14:27,0.68,Vel
BV,20-Apr-22,7:58,0.95,Vel
BV,4-May-22,10:06,0.71,Vel
BV,4-May-22,21:52,0.76,Vel
BV,5-May-22,19:20,0.69,Vel
BV,18-May-22,9:14,1,Vel
BV,25-May-22,10:08,0.64,Vel
BV,20-Jun-22,9:26,0.72,Vel
BV,6-Jul-22,15:35,0.76,Vel
BV,19-Jul-22,7:45,1.26,Vel
BV,3-Aug-22,14:28,0.63,Vel
BV,19-Aug-22,8:44,0.81,Vel
BV,5-Sep-22,10:18,0.25,Vel
BV,5-Sep-22,20:48,1.86,Vel
BV,20-Sep-22,8:06,0.77,Vel
BV,20-Oct-22,9:43,0.8,Vel
BV,3-Nov-22,13:44,0.85,Vel
BV,12-Nov-22,19:28,0.86,Vel
BV,18-Nov-22,9:40,0.87,Vel
BV,18-Dec-22,10:55,1.2,Vel
BV,23-Jan-23,10:02,0.54,Vel
BV,22-Feb-23,16:46,0.88,Vel
BV,6-Mar-23,8:57,1.16,Vel
BA,18-Jan-21,10:19,0.76,Vel
BA,19-Jan-21,15:28,0.86,Vel
BA,19-Jan-21,15:38,0.85,Vel
BA,26-Jan-21,10:00,0.84,Vel
BA,9-Feb-21,20:14,1.19,Vel
BA,11-Feb-21,9:42,0.95,Vel
BA,13-Feb-21,17:28,1.05,Vel
BA,18-Feb-21,9:15,0.97,Vel
BA,19-Feb-21,9:31,0.95,Vel
BA,3-Mar-21,9:17,1.01,Vel
BA,16-Mar-21,13:58,1.14,Vel
BA,5-Apr-21,8:54,1.46,Vel
BA,16-Apr-21,8:12,1.57,Vel
BA,3-May-21,9:18,0.88,Vel
BA,17-May-21,8:23,1.16,Vel
BA,21-May-21,9:03,1.05,Vel
BA,21-May-21,9:16,1.13,Vel
BA,21-May-21,9:22,1.16,Vel
BA,21-May-21,16:42,1.16,Vel
BA,25-May-21,12:05,1.44,Vel
BA,3-Jun-21,8:23,1.67,Vel
BA,16-Jun-21,9:28,1.54,Vel
BA,5-Jul-21,10:58,1.49,Vel
BA,19-Jul-21,10:34,0.97,Vel
BA,24-Jul-21,16:11,1.14,Vel
BA,3-Aug-21,8:56,1.57,Vel
BA,17-Aug-21,8:22,1.28,Vel
BA,2-Sep-21,8:11,1.4,Vel
BA,29-Sep-21,10:48,0.98,Vel
BA,29-Sep-21,16:03,1.08,Vel
BA,30-Sep-21,8:44,1.01,Vel
BA,30-Sep-21,9:50,1,Vel
BA,4-Oct-21,7:57,1.16,Vel
BA,7-Oct-21,8:37,0.86,Vel
BA,18-Oct-21,8:04,1.16,Vel
BA,2-Nov-21,8:40,0.96,Vel
BA,17-Nov-21,8:16,1.13,Vel
BA,3-Dec-21,8:21,1.02,Vel
BA,16-Dec-21,8:53,1.23,Vel
BA,5-Jan-22,8:53,0.82,Vel
BA,6-Jan-22,15:10,0.83,Vel
BA,8-Jan-22,16:43,1.09,Vel
BA,8-Jan-22,16:52,0.92,Vel
BA,14-Jan-22,9:35,1.14,Vel
BA,18-Jan-22,13:56,1.19,Vel
BA,24-Jan-22,9:33,1.04,Vel
BA,25-Jan-22,9:08,0.9,Vel
BA,4-Feb-22,8:34,1.18,Vel
BA,17-Feb-22,8:30,0.91,Vel
BA,7-Mar-22,9:19,1.12,Vel
BA,18-Mar-22,8:08,1.24,Vel
BA,2-Apr-22,14:27,1.18,Vel
BA,20-Apr-22,7:58,1.35,Vel
BA,4-May-22,10:06,1.1,Vel
BA,4-May-22,21:52,1.34,Vel
BA,5-May-22,19:20,1.28,Vel
BA,18-May-22,9:14,1.08,Vel
BA,25-May-22,10:08,1.18,Vel
BA,20-Jun-22,9:26,1.14,Vel
BA,6-Jul-22,15:35,1.28,Vel
BA,19-Jul-22,7:46,1.08,Vel
BA,3-Aug-22,14:28,0.79,Vel
BA,19-Aug-22,8:44,1.09,Vel
BA,5-Sep-22,10:18,0.46,Vel
BA,5-Sep-22,20:39,1.06,Vel
BA,20-Sep-22,8:06,1.23,Vel
BA,20-Oct-22,9:44,1.89,Vel
BA,3-Nov-22,13:44,0.98,Vel
BA,12-Nov-22,19:28,1.14,Vel
BA,18-Nov-22,9:40,1.09,Vel
BA,18-Dec-22,10:55,1.15,Vel
BA,23-Jan-23,10:02,0.7,Vel
BA,22-Feb-23,16:47,1.88,Vel
BA,6-Mar-23,8:57,1.8,Vel
CH,18-Jan-21,10:19,0.87,Vel
CH,19-Jan-21,15:29,1.05,Vel
CH,19-Jan-21,15:38,1.02,Vel
CH,26-Jan-21,10:00,1.06,Vel
CH,9-Feb-21,20:14,1.93,Vel
CH,11-Feb-21,9:43,1.58,Vel
CH,13-Feb-21,17:28,1.52,Vel
CH,18-Feb-21,9:16,1.63,Vel
CH,19-Feb-21,9:31,1.51,Vel
CH,3-Mar-21,9:17,1.93,Vel
CH,16-Mar-21,13:58,1.86,Vel
CH,5-Apr-21,8:54,1.53,Vel
CH,16-Apr-21,8:12,1.7,Vel
CH,3-May-21,9:18,1.27,Vel
CH,17-May-21,8:23,1.54,Vel
CH,21-May-21,9:03,1.61,Vel
CH,21-May-21,9:16,1.58,Vel
CH,21-May-21,9:22,1.74,Vel
CH,21-May-21,16:42,1.53,Vel
CH,25-May-21,12:06,1.61,Vel
CH,3-Jun-21,8:23,1.68,Vel
CH,16-Jun-21,9:28,1.46,Vel
CH,5-Jul-21,10:58,1.64,Vel
CH,19-Jul-21,10:35,1.52,Vel
CH,24-Jul-21,16:12,1.88,Vel
CH,3-Aug-21,8:56,2.06,Vel
CH,17-Aug-21,8:22,1.7,Vel
CH,2-Sep-21,8:12,1.78,Vel
CH,29-Sep-21,10:49,2.12,Vel
CH,29-Sep-21,16:03,2.17,Vel
CH,30-Sep-21,8:45,2.14,Vel
CH,30-Sep-21,9:50,2.02,Vel
CH,4-Oct-21,7:58,2.15,Vel
CH,7-Oct-21,8:37,1.25,Vel
CH,18-Oct-21,8:04,1.17,Vel
CH,2-Nov-21,8:41,1.11,Vel
CH,17-Nov-21,8:16,1.21,Vel
CH,3-Dec-21,8:22,1.24,Vel
CH,16-Dec-21,8:53,1.04,Vel
CH,5-Jan-22,8:53,1.53,Vel
CH,6-Jan-22,15:10,1.97,Vel
CH,8-Jan-22,16:43,2.27,Vel
CH,8-Jan-22,16:50,1.36,Vel
CH,9-Jan-22,20:21,1.25,Vel
CH,14-Jan-22,9:36,1.64,Vel
CH,18-Jan-22,13:56,1.67,Vel
CH,24-Jan-22,9:33,1.66,Vel
CH,25-Jan-22,9:09,1.69,Vel
CH,4-Feb-22,8:34,1.72,Vel
CH,17-Feb-22,8:30,1.51,Vel
CH,7-Mar-22,9:18,1.54,Vel
CH,18-Mar-22,8:08,1.57,Vel
CH,2-Apr-22,14:27,1.49,Vel
CH,20-Apr-22,7:58,1.88,Vel
CH,4-May-22,10:06,1.79,Vel
CH,4-May-22,21:53,1.6,Vel
CH,5-May-22,19:20,1.65,Vel
CH,18-May-22,9:14,2.01,Vel
CH,25-May-22,10:08,1.57,Vel
CH,20-Jun-22,9:26,1.74,Vel
CH,6-Jul-22,15:35,1.87,Vel
CH,19-Jul-22,7:46,1.34,Vel
CH,3-Aug-22,14:29,1.45,Vel
CH,19-Aug-22,8:44,1.59,Vel
CH,5-Sep-22,10:18,1.38,Vel
CH,5-Sep-22,20:39,1.3,Vel
CH,20-Sep-22,8:06,1.67,Vel
CH,20-Oct-22,9:45,1.83,Vel
CH,3-Nov-22,13:44,1.93,Vel
CH,12-Nov-22,19:29,1.59,Vel
CH,18-Nov-22,9:40,2.41,Vel
CH,18-Dec-22,10:55,1.92,Vel
CH,23-Jan-23,10:02,2.16,Vel
CH,22-Feb-23,16:48,2.81,Vel
CH,6-Mar-23,8:57,1.6,Vel
CV,18-Jan-21,10:19,1.06,Vel
CV,19-Jan-21,15:29,1.03,Vel
CV,19-Jan-21,15:39,1.08,Vel
CV,26-Jan-21,10:00,0.95,Vel
CV,9-Feb-21,20:14,1.92,Vel
CV,11-Feb-21,9:43,1.54,Vel
CV,13-Feb-21,17:28,1.77,Vel
CV,18-Feb-21,9:16,1.69,Vel
CV,19-Feb-21,9:31,1.11,Vel
CV,3-Mar-21,9:17,1.62,Vel
CV,16-Mar-21,13:58,1.97,Vel
CV,5-Apr-21,8:54,1.85,Vel
CV,16-Apr-21,8:12,1.7,Vel
CV,3-May-21,9:19,1.77,Vel
CV,17-May-21,8:23,1.79,Vel
CV,21-May-21,9:04,1.63,Vel
CV,21-May-21,9:17,1.81,Vel
CV,21-May-21,9:23,1.67,Vel
CV,21-May-21,16:42,1.81,Vel
CV,25-May-21,12:07,1.78,Vel
CV,3-Jun-21,8:23,1.96,Vel
CV,16-Jun-21,9:28,2.19,Vel
CV,5-Jul-21,10:58,2.04,Vel
CV,19-Jul-21,10:35,2.15,Vel
CV,24-Jul-21,16:12,2.47,Vel
CV,3-Aug-21,8:56,2.17,Vel
CV,17-Aug-21,8:22,2.28,Vel
CV,2-Sep-21,8:12,2.49,Vel
CV,29-Sep-21,10:48,2.02,Vel
CV,29-Sep-21,16:03,2.08,Vel
CV,30-Sep-21,8:45,1.93,Vel
CV,30-Sep-21,9:50,1.81,Vel
CV,4-Oct-21,7:58,2.13,Vel
CV,7-Oct-21,8:37,1.37,Vel
CV,18-Oct-21,8:04,1.38,Vel
CV,2-Nov-21,8:41,1.34,Vel
CV,17-Nov-21,8:16,1.38,Vel
CV,3-Dec-21,8:22,1.27,Vel
CV,16-Dec-21,8:54,1.42,Vel
CV,5-Jan-22,8:53,2.01,Vel
CV,6-Jan-22,15:10,2.63,Vel
CV,8-Jan-22,16:43,2.28,Vel
CV,8-Jan-22,16:51,2.14,Vel
CV,9-Jan-22,20:21,1.88,Vel
CV,14-Jan-22,9:36,1.41,Vel
CV,18-Jan-22,13:56,1.34,Vel
CV,24-Jan-22,9:34,1.79,Vel
CV,25-Jan-22,9:09,1.33,Vel
CV,4-Feb-22,8:34,1.47,Vel
CV,17-Feb-22,8:31,1.53,Vel
CV,7-Mar-22,9:18,1.85,Vel
CV,18-Mar-22,8:08,1.85,Vel
CV,2-Apr-22,14:27,1.97,Vel
CV,20-Apr-22,7:59,1.94,Vel
CV,4-May-22,10:06,2,Vel
CV,4-May-22,21:53,2.14,Vel
CV,5-May-22,19:21,1.77,Vel
CV,18-May-22,9:14,2.08,Vel
CV,25-May-22,10:08,1.52,Vel
CV,20-Jun-22,9:26,1.66,Vel
CV,6-Jul-22,15:36,1.72,Vel
CV,19-Jul-22,7:47,1.68,Vel
CV,3-Aug-22,14:29,1.86,Vel
CV,19-Aug-22,8:45,1.75,Vel
CV,5-Sep-22,10:18,1.4,Vel
CV,5-Sep-22,20:40,1.44,Vel
CV,20-Sep-22,8:07,1.83,Vel
CV,20-Oct-22,9:45,1.78,Vel
CV,3-Nov-22,13:44,1.9,Vel
CV,12-Nov-22,19:29,2.02,Vel
CV,18-Nov-22,9:40,2.48,Vel
CV,18-Dec-22,10:55,2.39,Vel
CV,23-Jan-23,10:02,3.15,Vel
CV,22-Feb-23,16:48,2.14,Vel
CV,6-Mar-23,8:57,1.17,Vel
CA,18-Jan-21,10:19,0.63,Vel
CA,19-Jan-21,15:29,0.57,Vel
CA,19-Jan-21,15:39,0.6,Vel
CA,26-Jan-21,10:01,0.58,Vel
CA,9-Feb-21,20:15,1.16,Vel
CA,11-Feb-21,9:43,1,Vel
CA,13-Feb-21,17:29,0.88,Vel
CA,18-Feb-21,9:16,0.78,Vel
CA,19-Feb-21,9:31,0.79,Vel
CA,3-Mar-21,9:17,0.88,Vel
CA,16-Mar-21,13:59,1.24,Vel
CA,5-Apr-21,8:54,1.13,Vel
CA,16-Apr-21,8:12,0.89,Vel
CA,3-May-21,9:19,1.09,Vel
CA,17-May-21,8:23,1.1,Vel
CA,21-May-21,9:04,0.93,Vel
CA,21-May-21,9:17,0.91,Vel
CA,21-May-21,9:23,1.01,Vel
CA,21-May-21,16:43,1.01,Vel
CA,25-May-21,12:08,1.37,Vel
CA,3-Jun-21,8:23,1.33,Vel
CA,16-Jun-21,9:29,1.21,Vel
CA,5-Jul-21,10:58,1.2,Vel
CA,19-Jul-21,10:35,1.33,Vel
CA,24-Jul-21,16:12,1.27,Vel
CA,3-Aug-21,8:56,0.96,Vel
CA,17-Aug-21,8:23,1.01,Vel
CA,2-Sep-21,8:12,1.31,Vel
CA,29-Sep-21,10:49,1.61,Vel
CA,29-Sep-21,16:04,1.4,Vel
CA,30-Sep-21,8:45,1.37,Vel
CA,30-Sep-21,9:50,1.43,Vel
CA,4-Oct-21,7:58,1.69,Vel
CA,7-Oct-21,8:38,0.81,Vel
CA,18-Oct-21,8:04,0.79,Vel
CA,2-Nov-21,8:41,0.9,Vel
CA,17-Nov-21,8:17,0.73,Vel
CA,3-Dec-21,8:22,0.73,Vel
CA,16-Dec-21,8:54,0.95,Vel
CA,5-Jan-22,8:53,0.9,Vel
CA,6-Jan-22,15:10,1.74,Vel
CA,8-Jan-22,16:44,1.75,Vel
CA,8-Jan-22,16:51,0.84,Vel
CA,9-Jan-22,20:21,1.02,Vel
CA,14-Jan-22,9:36,0.77,Vel
CA,18-Jan-22,13:56,1.01,Vel
CA,24-Jan-22,9:34,1.2,Vel
CA,25-Jan-22,9:09,0.69,Vel
CA,4-Feb-22,8:34,0.93,Vel
CA,17-Feb-22,8:31,1.01,Vel
CA,7-Mar-22,9:18,0.98,Vel
CA,18-Mar-22,8:08,1.15,Vel
CA,2-Apr-22,14:28,1.21,Vel
CA,20-Apr-22,7:59,1.71,Vel
CA,4-May-22,10:06,1.18,Vel
CA,4-May-22,21:53,1.08,Vel
CA,5-May-22,19:21,0.78,Vel
CA,18-May-22,9:14,1.08,Vel
CA,25-May-22,10:09,1.25,Vel
CA,20-Jun-22,9:27,0.82,Vel
CA,6-Jul-22,15:37,1.41,Vel
CA,19-Jul-22,7:47,1.48,Vel
CA,3-Aug-22,14:29,0.82,Vel
CA,19-Aug-22,8:45,0.9,Vel
CA,5-Sep-22,10:19,1.19,Vel
CA,5-Sep-22,20:40,2.22,Vel
CA,5-Sep-22,20:40,1.95,Vel
CA,20-Sep-22,8:07,0.83,Vel
CA,20-Oct-22,9:45,1.43,Vel
CA,3-Nov-22,13:44,1.35,Vel
CA,12-Nov-22,19:30,1.11,Vel
CA,18-Nov-22,9:40,1.44,Vel
CA,18-Dec-22,10:55,1.75,Vel
CA,23-Jan-23,10:02,1.61,Vel
CA,22-Feb-23,16:48,1.44,Vel
CA,6-Mar-23,8:57,0.96,Vel
DH,18-Jan-21,10:19,0.95,Vel
DH,19-Jan-21,15:30,0.79,Vel
DH,19-Jan-21,15:39,0.89,Vel
DH,26-Jan-21,10:01,1.07,Vel
DH,9-Feb-21,20:15,1.62,Vel
DH,11-Feb-21,9:43,1.92,Vel
DH,13-Feb-21,17:29,1.35,Vel
DH,18-Feb-21,9:16,1.43,Vel
DH,19-Feb-21,9:31,1.2,Vel
DH,3-Mar-21,9:17,1.54,Vel
DH,16-Mar-21,13:59,1.61,Vel
DH,5-Apr-21,8:55,1.58,Vel
DH,16-Apr-21,8:13,1.3,Vel
DH,3-May-21,9:19,1.42,Vel
DH,17-May-21,8:24,1.33,Vel
DH,21-May-21,9:04,1.38,Vel
DH,21-May-21,9:17,1.55,Vel
DH,21-May-21,9:24,1.47,Vel
DH,21-May-21,16:43,1.49,Vel
DH,25-May-21,12:08,1.55,Vel
DH,3-Jun-21,8:24,1.6,Vel
DH,16-Jun-21,9:29,1.45,Vel
DH,5-Jul-21,10:59,1.68,Vel
DH,19-Jul-21,10:36,1.33,Vel
DH,24-Jul-21,16:13,1.7,Vel
DH,3-Aug-21,8:57,1.62,Vel
DH,17-Aug-21,8:23,1.71,Vel
DH,2-Sep-21,8:13,1.9,Vel
DH,29-Sep-21,10:50,2.91,Vel
DH,29-Sep-21,16:04,2.7,Vel
DH,30-Sep-21,8:45,2.64,Vel
DH,30-Sep-21,9:51,2.75,Vel
DH,4-Oct-21,7:58,3.38,Vel
DH,7-Oct-21,8:38,1.08,Vel
DH,18-Oct-21,8:05,1.2,Vel
DH,2-Nov-21,8:42,1.1,Vel
DH,17-Nov-21,8:17,1.15,Vel
DH,3-Dec-21,8:22,1.08,Vel
DH,16-Dec-21,8:54,0.99,Vel
DH,5-Jan-22,8:54,1.8,Vel
DH,6-Jan-22,15:08,3.52,Vel
DH,8-Jan-22,16:44,1.97,Vel
DH,8-Jan-22,16:50,1.36,Vel
DH,9-Jan-22,20:22,1.25,Vel
DH,14-Jan-22,9:36,1.41,Vel
DH,18-Jan-22,13:57,1.51,Vel
DH,24-Jan-22,9:34,1.4,Vel
DH,25-Jan-22,9:09,1.57,Vel
DH,4-Feb-22,8:34,1.65,Vel
DH,17-Feb-22,8:31,1.22,Vel
DH,7-Mar-22,9:17,1.31,Vel
DH,18-Mar-22,8:08,1.31,Vel
DH,2-Apr-22,14:28,1.46,Vel
DH,20-Apr-22,7:59,2.24,Vel
DH,4-May-22,10:07,1.49,Vel
DH,4-May-22,21:54,1.64,Vel
DH,5-May-22,19:21,1.59,Vel
DH,18-May-22,9:15,1.97,Vel
DH,25-May-22,10:09,1.78,Vel
DH,20-Jun-22,9:27,1.38,Vel
DH,6-Jul-22,15:36,1.88,Vel
DH,19-Jul-22,7:47,1.41,Vel
DH,3-Aug-22,14:29,1.72,Vel
DH,19-Aug-22,8:45,1.82,Vel
DH,5-Sep-22,10:17,2.09,Vel
DH,5-Sep-22,20:40,1.43,Vel
DH,20-Sep-22,8:07,1.45,Vel
DH,20-Oct-22,9:46,1.5,Vel
DH,3-Nov-22,13:46,1.53,Vel
DH,12-Nov-22,19:30,1.54,Vel
DH,18-Nov-22,9:41,1.46,Vel
DH,18-Dec-22,10:56,1.61,Vel
DH,23-Jan-23,10:03,1.78,Vel
DH,22-Feb-23,16:48,2.73,Vel
DH,6-Mar-23,8:58,1.82,Vel
DV,18-Jan-21,10:19,0.71,Vel
DV,19-Jan-21,15:30,0.64,Vel
DV,19-Jan-21,15:40,0.75,Vel
DV,26-Jan-21,10:01,0.99,Vel
DV,9-Feb-21,20:15,1.06,Vel
DV,11-Feb-21,9:43,1.28,Vel
DV,13-Feb-21,17:29,1.44,Vel
DV,18-Feb-21,9:16,1.24,Vel
DV,19-Feb-21,9:31,0.98,Vel
DV,3-Mar-21,9:17,1.53,Vel
DV,16-Mar-21,13:59,1.52,Vel
DV,5-Apr-21,8:55,1.69,Vel
DV,16-Apr-21,8:13,1.41,Vel
DV,3-May-21,9:19,1.16,Vel
DV,17-May-21,8:24,1.19,Vel
DV,21-May-21,9:04,1.24,Vel
DV,21-May-21,9:17,1.36,Vel
DV,21-May-21,9:24,1.58,Vel
DV,21-May-21,16:43,1.53,Vel
DV,25-May-21,12:08,1.43,Vel
DV,3-Jun-21,8:24,1.25,Vel
DV,16-Jun-21,9:29,1.46,Vel
DV,5-Jul-21,10:59,1.4,Vel
DV,19-Jul-21,10:36,1.47,Vel
DV,24-Jul-21,16:13,1.38,Vel
DV,3-Aug-21,8:57,1.6,Vel
DV,17-Aug-21,8:23,1.59,Vel
DV,2-Sep-21,8:13,1.53,Vel
DV,29-Sep-21,10:50,3.71,Vel
DV,29-Sep-21,16:04,3.75,Vel
DV,30-Sep-21,8:46,3.9,Vel
DV,30-Sep-21,9:51,3.67,Vel
DV,4-Oct-21,7:58,4.27,Vel
DV,7-Oct-21,8:38,0.92,Vel
DV,18-Oct-21,8:05,0.88,Vel
DV,2-Nov-21,8:42,0.8,Vel
DV,17-Nov-21,8:17,0.8,Vel
DV,3-Dec-21,8:22,0.74,Vel
DV,16-Dec-21,8:54,1.01,Vel
DV,5-Jan-22,8:54,4.27,Vel
DV,6-Jan-22,15:08,7.19,Vel
DV,8-Jan-22,16:44,1.79,Vel
DV,8-Jan-22,16:50,0.79,Vel
DV,9-Jan-22,20:22,0.95,Vel
DV,14-Jan-22,9:36,1.26,Vel
DV,18-Jan-22,13:57,1.09,Vel
DV,24-Jan-22,9:34,0.99,Vel
DV,25-Jan-22,9:10,0.98,Vel
DV,4-Feb-22,8:35,1.01,Vel
DV,17-Feb-22,8:31,0.96,Vel
DV,7-Mar-22,9:18,1.18,Vel
DV,18-Mar-22,8:08,1.71,Vel
DV,2-Apr-22,14:28,1.48,Vel
DV,20-Apr-22,7:59,1.47,Vel
DV,4-May-22,10:07,1.64,Vel
DV,4-May-22,21:54,1.44,Vel
DV,5-May-22,19:21,1.44,Vel
DV,18-May-22,9:15,1.51,Vel
DV,25-May-22,10:10,1.69,Vel
DV,20-Jun-22,9:27,1.72,Vel
DV,6-Jul-22,15:36,1.7,Vel
DV,19-Jul-22,7:47,1.63,Vel
DV,3-Aug-22,14:29,1.48,Vel
DV,19-Aug-22,8:45,1.85,Vel
DV,5-Sep-22,10:17,7.34,Vel
DV,5-Sep-22,20:41,1.18,Vel
DV,20-Sep-22,8:07,1.69,Vel
DV,20-Oct-22,9:46,1.11,Vel
DV,3-Nov-22,13:46,1.08,Vel
DV,12-Nov-22,19:30,1.15,Vel
DV,18-Nov-22,9:41,1.34,Vel
DV,18-Dec-22,10:56,1.3,Vel
DV,23-Jan-23,10:03,1.19,Vel
DV,22-Feb-23,16:48,2.72,Vel
DV,6-Mar-23,8:58,1.95,Vel
DA,18-Jan-21,10:20,0.41,Vel
DA,19-Jan-21,15:30,0.46,Vel
DA,19-Jan-21,15:40,0.53,Vel
DA,26-Jan-21,10:02,0.63,Vel
DA,9-Feb-21,20:16,1.16,Vel
DA,11-Feb-21,9:44,1.24,Vel
DA,13-Feb-21,17:29,1.29,Vel
DA,18-Feb-21,9:17,1.38,Vel
DA,19-Feb-21,9:32,1.18,Vel
DA,3-Mar-21,9:18,1.33,Vel
DA,16-Mar-21,13:59,1.19,Vel
DA,5-Apr-21,8:55,0.94,Vel
DA,16-Apr-21,8:13,1.05,Vel
DA,3-May-21,9:19,1.6,Vel
DA,17-May-21,8:24,1.79,Vel
DA,21-May-21,9:05,1.27,Vel
DA,21-May-21,9:18,1.3,Vel
DA,21-May-21,9:26,1.34,Vel
DA,21-May-21,16:43,1.08,Vel
DA,25-May-21,12:09,1.28,Vel
DA,3-Jun-21,8:24,1.51,Vel
DA,16-Jun-21,9:29,1.49,Vel
DA,5-Jul-21,10:59,1.37,Vel
DA,19-Jul-21,10:36,0.97,Vel
DA,24-Jul-21,16:13,1.02,Vel
DA,3-Aug-21,8:57,0.75,Vel
DA,17-Aug-21,8:23,0.93,Vel
DA,2-Sep-21,8:13,1.12,Vel
DA,29-Sep-21,10:51,2.62,Vel
DA,29-Sep-21,16:04,2.11,Vel
DA,30-Sep-21,8:46,2.04,Vel
DA,30-Sep-21,9:51,2.52,Vel
DA,4-Oct-21,7:59,2.92,Vel
DA,7-Oct-21,8:39,1.49,Vel
DA,18-Oct-21,8:05,0.72,Vel
DA,2-Nov-21,8:42,0.88,Vel
DA,17-Nov-21,8:17,0.56,Vel
DA,3-Dec-21,8:23,0.54,Vel
DA,16-Dec-21,8:54,0.68,Vel
DA,5-Jan-22,8:54,5.86,Vel
DA,6-Jan-22,15:08,4.48,Vel
DA,8-Jan-22,16:44,1.29,Vel
DA,8-Jan-22,16:50,0.68,Vel
DA,9-Jan-22,20:22,0.75,Vel
DA,14-Jan-22,9:36,0.91,Vel
DA,18-Jan-22,13:57,0.72,Vel
DA,24-Jan-22,9:34,0.73,Vel
DA,25-Jan-22,9:10,0.61,Vel
DA,4-Feb-22,8:35,1.14,Vel
DA,17-Feb-22,8:31,1.2,Vel
DA,7-Mar-22,9:18,0.59,Vel
DA,18-Mar-22,8:09,0.85,Vel
DA,2-Apr-22,14:28,0.91,Vel
DA,20-Apr-22,7:59,1.4,Vel
DA,4-May-22,10:07,1.35,Vel
DA,4-May-22,21:54,1.1,Vel
DA,5-May-22,19:21,1.05,Vel
DA,18-May-22,9:15,1.58,Vel
DA,25-May-22,10:10,1.3,Vel
DA,20-Jun-22,9:27,0.95,Vel
DA,6-Jul-22,15:37,1.05,Vel
DA,19-Jul-22,7:47,1.17,Vel
DA,3-Aug-22,14:29,1.19,Vel
DA,19-Aug-22,8:45,1.23,Vel
DA,5-Sep-22,10:17,3.74,Vel
DA,5-Sep-22,20:41,0.94,Vel
DA,20-Sep-22,8:08,0.92,Vel
DA,20-Oct-22,9:46,1.1,Vel
DA,3-Nov-22,13:46,1.22,Vel
DA,12-Nov-22,19:30,1.13,Vel
DA,18-Nov-22,9:41,1,Vel
DA,18-Dec-22,10:56,1.23,Vel
DA,23-Jan-23,10:03,0.84,Vel
DA,22-Feb-23,16:48,1.63,Vel
DA,6-Mar-23,8:58,1.29,Vel
